Marius added article Newer Article,Sat May 04 22:52:53 EEST 2019
Marius logged in,Wed May 29 09:14:18 EEST 2019,main
Marius logged in,Wed May 29 18:49:25 EEST 2019,main
Marius logged in,Wed May 29 23:59:09 EEST 2019,main
Marius added article First Article,Wed May 29 23:59:33 EEST 2019,main
Marius logged in,Thu May 30 00:00:27 EEST 2019,main
Marius added article First Article,Thu May 30 00:00:43 EEST 2019,main
Marius added article First Poll,Thu May 30 00:01:39 EEST 2019,main
Marius logged in,Thu May 30 00:20:13 EEST 2019,main
Marius logged in,Thu May 30 00:22:40 EEST 2019,main
Marius added article First Poll,Thu May 30 00:22:58 EEST 2019,main
Marius logged in,Thu May 30 00:24:09 EEST 2019,main
Marius logged in,Thu May 30 00:25:03 EEST 2019,main
Marius added article First Poll,Thu May 30 00:26:13 EEST 2019,main
Marius logged in,Thu May 30 00:27:42 EEST 2019,main
Marius logged in,Thu May 30 00:30:23 EEST 2019,main
Marius logged in,Thu May 30 00:33:48 EEST 2019,main
Marius logged in,Thu May 30 00:34:35 EEST 2019,main
Marius logged in,Mon Jun 03 15:49:34 EEST 2019,JavaFX Application Thread
Marius logged in,Mon Jun 03 16:01:04 EEST 2019,JavaFX Application Thread
Marius logged in,Mon Jun 03 16:29:33 EEST 2019,JavaFX Application Thread
Marius logged in,Mon Jun 03 16:32:45 EEST 2019,JavaFX Application Thread
Marius logged in,Mon Jun 03 16:34:44 EEST 2019,JavaFX Application Thread
Marius logged in,Mon Jun 03 16:37:48 EEST 2019,JavaFX Application Thread
Marius logged in,Mon Jun 03 16:37:59 EEST 2019,JavaFX Application Thread
Marius logged in,Mon Jun 03 16:58:53 EEST 2019,JavaFX Application Thread
Marius logged in,Mon Jun 03 17:00:37 EEST 2019,JavaFX Application Thread
Marius logged in,Mon Jun 03 17:02:22 EEST 2019,JavaFX Application Thread
Marius logged in,Mon Jun 03 17:02:44 EEST 2019,JavaFX Application Thread
Marius logged in,Mon Jun 03 17:03:42 EEST 2019,JavaFX Application Thread
Marius logged in,Mon Jun 03 17:05:06 EEST 2019,JavaFX Application Thread
Marius logged in,Mon Jun 03 17:06:02 EEST 2019,JavaFX Application Thread
Marius logged in,Mon Jun 03 17:08:42 EEST 2019,JavaFX Application Thread
Marius logged in,Mon Jun 03 17:10:59 EEST 2019,JavaFX Application Thread
Marius logged in,Mon Jun 03 17:18:31 EEST 2019,JavaFX Application Thread
Dummy logged in,Mon Jun 03 17:20:12 EEST 2019,JavaFX Application Thread
Marius logged in,Mon Jun 03 17:22:19 EEST 2019,JavaFX Application Thread
Marius logged in,Mon Jun 03 17:23:30 EEST 2019,JavaFX Application Thread
Marius logged in,Mon Jun 03 17:26:14 EEST 2019,JavaFX Application Thread
Marius logged in,Mon Jun 03 18:00:14 EEST 2019,JavaFX Application Thread
Marius logged in,Mon Jun 03 18:04:55 EEST 2019,JavaFX Application Thread
Marius logged in,Mon Jun 03 18:07:59 EEST 2019,JavaFX Application Thread
Marius logged in,Mon Jun 03 18:10:42 EEST 2019,JavaFX Application Thread
Marius logged in,Mon Jun 03 18:31:09 EEST 2019,JavaFX Application Thread
Marius logged in,Mon Jun 03 18:32:22 EEST 2019,JavaFX Application Thread
Marius logged in,Mon Jun 03 18:32:51 EEST 2019,JavaFX Application Thread
Marius logged in,Mon Jun 03 18:33:59 EEST 2019,JavaFX Application Thread
Marius logged in,Mon Jun 03 18:34:22 EEST 2019,JavaFX Application Thread
Marius logged in,Mon Jun 03 18:35:10 EEST 2019,JavaFX Application Thread
Marius logged in,Mon Jun 03 18:36:11 EEST 2019,JavaFX Application Thread
Marius logged in,Mon Jun 03 18:38:58 EEST 2019,JavaFX Application Thread
Marius logged in,Mon Jun 03 18:42:10 EEST 2019,JavaFX Application Thread
Marius logged in,Mon Jun 03 19:25:07 EEST 2019,JavaFX Application Thread
Marius logged in,Mon Jun 03 19:30:52 EEST 2019,JavaFX Application Thread
Marius logged in,Mon Jun 03 19:32:00 EEST 2019,JavaFX Application Thread
Marius logged in,Mon Jun 03 19:44:44 EEST 2019,JavaFX Application Thread
Marius logged in,Mon Jun 03 19:47:34 EEST 2019,JavaFX Application Thread
Marius logged in,Mon Jun 03 19:49:17 EEST 2019,JavaFX Application Thread
Marius logged in,Mon Jun 03 19:50:03 EEST 2019,JavaFX Application Thread
Marius logged in,Mon Jun 03 19:50:37 EEST 2019,JavaFX Application Thread
Marius logged in,Mon Jun 03 19:51:00 EEST 2019,JavaFX Application Thread
Marius logged in,Mon Jun 03 19:53:38 EEST 2019,JavaFX Application Thread
Marius logged in,Mon Jun 03 20:01:33 EEST 2019,JavaFX Application Thread
Marius logged in,Mon Jun 03 20:04:58 EEST 2019,JavaFX Application Thread
Marius logged in,Mon Jun 03 20:05:19 EEST 2019,JavaFX Application Thread
Marius logged in,Mon Jun 03 20:06:23 EEST 2019,JavaFX Application Thread
Marius logged in,Mon Jun 03 20:06:43 EEST 2019,JavaFX Application Thread
Marius logged in,Mon Jun 03 20:13:08 EEST 2019,JavaFX Application Thread
Marius logged in,Mon Jun 03 20:13:41 EEST 2019,JavaFX Application Thread
Marius logged in,Mon Jun 03 20:14:43 EEST 2019,JavaFX Application Thread
Marius logged in,Mon Jun 03 20:15:42 EEST 2019,JavaFX Application Thread
Marius logged in,Mon Jun 03 20:18:15 EEST 2019,JavaFX Application Thread
Marius logged in,Mon Jun 03 20:19:35 EEST 2019,JavaFX Application Thread
Marius logged in,Mon Jun 03 20:21:41 EEST 2019,JavaFX Application Thread
